{
    "ALL": {
        "performance_sw": 2.040939018074645,
        "performance_fw": 5.192098373415895,
        "val_loss": 5.571468843426346,
        "annual_return_2013_2014": 0.1810125873537174,
        "annual_volatility_2013_2014": 0.083235061539684,
        "sharpe_ratio_2013_2014": 2.040939018074645,
        "downside_risk_2013_2014": 0.05508163880057671,
        "sortino_ratio_2013_2014": 3.0841073081218258,
        "max_drawdown_2013_2014": 0.048037359071526564,
        "calmar_ratio_2013_2014": 3.7681627560789437,
        "perc_pos_return_2013_2014": 0.5930232558139535,
        "profit_loss_ratio_2013_2014": 0.9553798936759225,
        "sharpe_ratio_2013": 2.0396886514717445,
        "annual_return_2013_2014_0_5_bps": 0.1790991883147599,
        "annual_volatility_2013_2014_0_5_bps": 0.08323886378781346,
        "sharpe_ratio_2013_2014_0_5_bps": 2.021357508599356,
        "downside_risk_2013_2014_0_5_bps": 0.05513001538672784,
        "sortino_ratio_2013_2014_0_5_bps": 3.051976335295601,
        "max_drawdown_2013_2014_0_5_bps": 0.04814286543141377,
        "calmar_ratio_2013_2014_0_5_bps": 3.720160541127567,
        "perc_pos_return_2013_2014_0_5_bps": 0.5930232558139535,
        "profit_loss_ratio_2013_2014_0_5_bps": 0.952411648315935,
        "sharpe_ratio_2013_0_5_bps": 2.0204175578648504,
        "annual_return_2013_2014_1_0_bps": 0.17718886921158128,
        "annual_volatility_2013_2014_1_0_bps": 0.08324274516802378,
        "sharpe_ratio_2013_2014_1_0_bps": 2.001775885033827,
        "downside_risk_2013_2014_1_0_bps": 0.05517847428196221,
        "sortino_ratio_2013_2014_1_0_bps": 3.019897198133265,
        "max_drawdown_2013_2014_1_0_bps": 0.04824836078306993,
        "calmar_ratio_2013_2014_1_0_bps": 3.672432935250223,
        "perc_pos_return_2013_2014_1_0_bps": 0.5930232558139535,
        "profit_loss_ratio_2013_2014_1_0_bps": 0.9494522659795378,
        "sharpe_ratio_2013_1_0_bps": 2.0011455633569764,
        "annual_return_2013_2014_1_5_bps": 0.17528162511859913,
        "annual_volatility_2013_2014_1_5_bps": 0.08324670566924633,
        "sharpe_ratio_2013_2014_1_5_bps": 1.9821942034988678,
        "downside_risk_2013_2014_1_5_bps": 0.05522701526961375,
        "sortino_ratio_2013_2014_1_5_bps": 2.987869915337368,
        "max_drawdown_2013_2014_1_5_bps": 0.04835384512757291,
        "calmar_ratio_2013_2014_1_5_bps": 3.6249780065297834,
        "perc_pos_return_2013_2014_1_5_bps": 0.5930232558139535,
        "profit_loss_ratio_2013_2014_1_5_bps": 0.946501707029129,
        "sharpe_ratio_2013_1_5_bps": 1.9818727238637526,
        "annual_return_2013_2014_2_0_bps": 0.1733774511180579,
        "annual_volatility_2013_2014_2_0_bps": 0.08325074528018898,
        "sharpe_ratio_2013_2014_2_0_bps": 1.9626125200999025,
        "downside_risk_2013_2014_2_0_bps": 0.05527563813341103,
        "sortino_ratio_2013_2014_2_0_bps": 2.955894504559094,
        "max_drawdown_2013_2014_2_0_bps": 0.04845931846600225,
        "calmar_ratio_2013_2014_2_0_bps": 3.5777938404085243,
        "perc_pos_return_2013_2014_2_0_bps": 0.5930232558139535,
        "profit_loss_ratio_2013_2014_2_0_bps": 0.9435599320631137,
        "sharpe_ratio_2013_2_0_bps": 1.9625990952987085,
        "annual_return_2013_2014_2_5_bps": 0.17147634230001563,
        "annual_volatility_2013_2014_2_5_bps": 0.08325486398933632,
        "sharpe_ratio_2013_2014_2_5_bps": 1.9430308909261682,
        "downside_risk_2013_2014_2_5_bps": 0.05532434265747876,
        "sortino_ratio_2013_2014_2_5_bps": 2.9239709824056885,
        "max_drawdown_2013_2014_2_5_bps": 0.04856478079943594,
        "calmar_ratio_2013_2014_2_5_bps": 3.5308785394951734,
        "perc_pos_return_2013_2014_2_5_bps": 0.5930232558139535,
        "profit_loss_ratio_2013_2014_2_5_bps": 0.9406269019141512,
        "sharpe_ratio_2013_2_5_bps": 1.9433247335724628,
        "annual_return_2013_2014_3_0_bps": 0.1695782937623369,
        "annual_volatility_2013_2014_3_0_bps": 0.0832590617849497,
        "sharpe_ratio_2013_2014_3_0_bps": 1.923449372049926,
        "downside_risk_2013_2014_3_0_bps": 0.055373128626339266,
        "sortino_ratio_2013_2014_3_0_bps": 2.892099364447897,
        "max_drawdown_2013_2014_3_0_bps": 0.04867023212895196,
        "calmar_ratio_2013_2014_3_0_bps": 3.4842302233742912,
        "perc_pos_return_2013_2014_3_0_bps": 0.5930232558139535,
        "profit_loss_ratio_2013_2014_3_0_bps": 0.9377025776474136,
        "sharpe_ratio_2013_3_0_bps": 1.92404969459192
    },
    "COMB": {
        "annual_return_2013_2014": 0.1810125873537174,
        "annual_volatility_2013_2014": 0.083235061539684,
        "sharpe_ratio_2013_2014": 2.040939018074645,
        "downside_risk_2013_2014": 0.05508163880057671,
        "sortino_ratio_2013_2014": 3.0841073081218258,
        "max_drawdown_2013_2014": 0.048037359071526564,
        "calmar_ratio_2013_2014": 3.7681627560789437,
        "perc_pos_return_2013_2014": 0.5930232558139535,
        "profit_loss_ratio_2013_2014": 0.9553798936759225,
        "sharpe_ratio_2013": 2.0396886514717445,
        "annual_return_2013_2014_0_5_bps": 0.1790991883147599,
        "annual_volatility_2013_2014_0_5_bps": 0.08323886378781346,
        "sharpe_ratio_2013_2014_0_5_bps": 2.021357508599356,
        "downside_risk_2013_2014_0_5_bps": 0.05513001538672784,
        "sortino_ratio_2013_2014_0_5_bps": 3.051976335295601,
        "max_drawdown_2013_2014_0_5_bps": 0.04814286543141377,
        "calmar_ratio_2013_2014_0_5_bps": 3.720160541127567,
        "perc_pos_return_2013_2014_0_5_bps": 0.5930232558139535,
        "profit_loss_ratio_2013_2014_0_5_bps": 0.952411648315935,
        "sharpe_ratio_2013_0_5_bps": 2.0204175578648504,
        "annual_return_2013_2014_1_0_bps": 0.17718886921158128,
        "annual_volatility_2013_2014_1_0_bps": 0.08324274516802378,
        "sharpe_ratio_2013_2014_1_0_bps": 2.001775885033827,
        "downside_risk_2013_2014_1_0_bps": 0.05517847428196221,
        "sortino_ratio_2013_2014_1_0_bps": 3.019897198133265,
        "max_drawdown_2013_2014_1_0_bps": 0.04824836078306993,
        "calmar_ratio_2013_2014_1_0_bps": 3.672432935250223,
        "perc_pos_return_2013_2014_1_0_bps": 0.5930232558139535,
        "profit_loss_ratio_2013_2014_1_0_bps": 0.9494522659795378,
        "sharpe_ratio_2013_1_0_bps": 2.0011455633569764,
        "annual_return_2013_2014_1_5_bps": 0.17528162511859913,
        "annual_volatility_2013_2014_1_5_bps": 0.08324670566924633,
        "sharpe_ratio_2013_2014_1_5_bps": 1.9821942034988678,
        "downside_risk_2013_2014_1_5_bps": 0.05522701526961375,
        "sortino_ratio_2013_2014_1_5_bps": 2.987869915337368,
        "max_drawdown_2013_2014_1_5_bps": 0.04835384512757291,
        "calmar_ratio_2013_2014_1_5_bps": 3.6249780065297834,
        "perc_pos_return_2013_2014_1_5_bps": 0.5930232558139535,
        "profit_loss_ratio_2013_2014_1_5_bps": 0.946501707029129,
        "sharpe_ratio_2013_1_5_bps": 1.9818727238637526,
        "annual_return_2013_2014_2_0_bps": 0.1733774511180579,
        "annual_volatility_2013_2014_2_0_bps": 0.08325074528018898,
        "sharpe_ratio_2013_2014_2_0_bps": 1.9626125200999025,
        "downside_risk_2013_2014_2_0_bps": 0.05527563813341103,
        "sortino_ratio_2013_2014_2_0_bps": 2.955894504559094,
        "max_drawdown_2013_2014_2_0_bps": 0.04845931846600225,
        "calmar_ratio_2013_2014_2_0_bps": 3.5777938404085243,
        "perc_pos_return_2013_2014_2_0_bps": 0.5930232558139535,
        "profit_loss_ratio_2013_2014_2_0_bps": 0.9435599320631137,
        "sharpe_ratio_2013_2_0_bps": 1.9625990952987085,
        "annual_return_2013_2014_2_5_bps": 0.17147634230001563,
        "annual_volatility_2013_2014_2_5_bps": 0.08325486398933632,
        "sharpe_ratio_2013_2014_2_5_bps": 1.9430308909261682,
        "downside_risk_2013_2014_2_5_bps": 0.05532434265747876,
        "sortino_ratio_2013_2014_2_5_bps": 2.9239709824056885,
        "max_drawdown_2013_2014_2_5_bps": 0.04856478079943594,