{
    "ALL": {
        "performance_sw": 0.11188495481586608,
        "performance_fw": 5.318195117818992,
        "val_loss": 5.6498843303807975,
        "annual_return_2014_2015": 0.006053077758854775,
        "annual_volatility_2014_2015": 0.09058676820777674,
        "sharpe_ratio_2014_2015": 0.11188495481586626,
        "downside_risk_2014_2015": 0.06978902839813175,
        "sortino_ratio_2014_2015": 0.14522764824898712,
        "max_drawdown_2014_2015": 0.07829852561058566,
        "calmar_ratio_2014_2015": 0.07730768506369451,
        "perc_pos_return_2014_2015": 0.5581395348837209,
        "profit_loss_ratio_2014_2015": 0.8077328914881985,
        "sharpe_ratio_2014": 0.10898835059499869,
        "annual_return_2014_2015_0_5_bps": 0.004345083955289875,
        "annual_volatility_2014_2015_0_5_bps": 0.09058756287305196,
        "sharpe_ratio_2014_2015_0_5_bps": 0.0931275426559245,
        "downside_risk_2014_2015_0_5_bps": 0.06983685400369484,
        "sortino_ratio_2014_2015_0_5_bps": 0.12079864200512319,
        "max_drawdown_2014_2015_0_5_bps": 0.07891884999399627,
        "calmar_ratio_2014_2015_0_5_bps": 0.05505761875167245,
        "perc_pos_return_2014_2015_0_5_bps": 0.5542635658914729,
        "profit_loss_ratio_2014_2015_0_5_bps": 0.8177595318954312,
        "sharpe_ratio_2014_0_5_bps": 0.08999312064333839,
        "annual_return_2014_2015_1_0_bps": 0.0026399721623682204,
        "annual_volatility_2014_2015_1_0_bps": 0.09058842600440135,
        "sharpe_ratio_2014_2015_1_0_bps": 0.07437040337739143,
        "downside_risk_2014_2015_1_0_bps": 0.06988476395804814,
        "sortino_ratio_2014_2015_1_0_bps": 0.09640295540405039,
        "max_drawdown_2014_2015_1_0_bps": 0.07953876443555713,
        "calmar_ratio_2014_2015_1_0_bps": 0.03319101297465017,
        "perc_pos_return_2014_2015_1_0_bps": 0.5542635658914729,
        "profit_loss_ratio_2014_2015_1_0_bps": 0.8150110019589412,
        "sharpe_ratio_2014_1_0_bps": 0.070998150642908,
        "annual_return_2014_2015_1_5_bps": 0.0009377375468100357,
        "annual_volatility_2014_2015_1_5_bps": 0.09058935759986794,
        "sharpe_ratio_2014_2015_1_5_bps": 0.0556135795027604,
        "downside_risk_2014_2015_1_5_bps": 0.0699327586780887,
        "sortino_ratio_2014_2015_1_5_bps": 0.07204060780978101,
        "max_drawdown_2014_2015_1_5_bps": 0.08015826920121762,
        "calmar_ratio_2014_2015_1_5_bps": 0.011698575283057526,
        "perc_pos_return_2014_2015_1_5_bps": 0.5503875968992248,
        "profit_loss_ratio_2014_2015_1_5_bps": 0.8251040736533054,
        "sharpe_ratio_2014_1_5_bps": 0.05200348283662455,
        "annual_return_2014_2015_2_0_bps": -0.0007616247166192247,
        "annual_volatility_2014_2015_2_0_bps": 0.09059035765733951,
        "sharpe_ratio_2014_2015_2_0_bps": 0.03685711354985074,
        "downside_risk_2014_2015_2_0_bps": 0.06998083818888048,
        "sortino_ratio_2014_2015_2_0_bps": 0.04771161913903286,
        "max_drawdown_2014_2015_2_0_bps": 0.08077736455676429,
        "calmar_ratio_2014_2015_2_0_bps": -0.009428689841496522,
        "perc_pos_return_2014_2015_2_0_bps": 0.5503875968992248,
        "profit_loss_ratio_2014_2015_2_0_bps": 0.8223292575840372,
        "sharpe_ratio_2014_2_0_bps": 0.03300915946301907,
        "annual_return_2014_2015_2_5_bps": -0.0024581194451059885,
        "annual_volatility_2014_2015_2_5_bps": 0.09059142617454877,
        "sharpe_ratio_2014_2015_2_5_bps": 0.01810104803132886,
        "downside_risk_2014_2015_2_5_bps": 0.07002900232605341,
        "sortino_ratio_2014_2015_2_5_bps": 0.023416009109728853,
        "max_drawdown_2014_2015_2_5_bps": 0.08139605076781081,
        "calmar_ratio_2014_2015_2_5_bps": -0.03019949275079677,
        "perc_pos_return_2014_2015_2_5_bps": 0.5503875968992248,
        "profit_loss_ratio_2014_2015_2_5_bps": 0.819563014937321,
        "sharpe_ratio_2014_2_5_bps": 0.014015222755772015,
        "annual_return_2014_2015_3_0_bps": -0.004151751447808549,
        "annual_volatility_2014_2015_3_0_bps": 0.09059256314907332,
        "sharpe_ratio_2014_2015_3_0_bps": -0.0006545745457759325,
        "downside_risk_2014_2015_3_0_bps": 0.07007725091511621,
        "sortino_ratio_2014_2015_3_0_bps": -0.0008462030844476342,
        "max_drawdown_2014_2015_3_0_bps": 0.08201432809980419,
        "calmar_ratio_2014_2015_3_0_bps": -0.05062226983992644,
        "perc_pos_return_2014_2015_3_0_bps": 0.5503875968992248,
        "profit_loss_ratio_2014_2015_3_0_bps": 0.8168053060401512,
        "sharpe_ratio_2014_3_0_bps": -0.004978285056759847
    },
    "COMB": {
        "annual_return_2014_2015": 0.006053077758854775,
        "annual_volatility_2014_2015": 0.09058676820777674,
        "sharpe_ratio_2014_2015": 0.11188495481586626,
        "downside_risk_2014_2015": 0.06978902839813175,
        "sortino_ratio_2014_2015": 0.14522764824898712,
        "max_drawdown_2014_2015": 0.07829852561058566,
        "calmar_ratio_2014_2015": 0.07730768506369451,
        "perc_pos_return_2014_2015": 0.5581395348837209,
        "profit_loss_ratio_2014_2015": 0.8077328914881985,
        "sharpe_ratio_2014": 0.10898835059499869,
        "annual_return_2014_2015_0_5_bps": 0.004345083955289875,
        "annual_volatility_2014_2015_0_5_bps": 0.09058756287305196,
        "sharpe_ratio_2014_2015_0_5_bps": 0.0931275426559245,
        "downside_risk_2014_2015_0_5_bps": 0.06983685400369484,
        "sortino_ratio_2014_2015_0_5_bps": 0.12079864200512319,
        "max_drawdown_2014_2015_0_5_bps": 0.07891884999399627,
        "calmar_ratio_2014_2015_0_5_bps": 0.05505761875167245,
        "perc_pos_return_2014_2015_0_5_bps": 0.5542635658914729,
        "profit_loss_ratio_2014_2015_0_5_bps": 0.8177595318954312,
        "sharpe_ratio_2014_0_5_bps": 0.08999312064333839,
        "annual_return_2014_2015_1_0_bps": 0.0026399721623682204,
        "annual_volatility_2014_2015_1_0_bps": 0.09058842600440135,
        "sharpe_ratio_2014_2015_1_0_bps": 0.07437040337739143,
        "downside_risk_2014_2015_1_0_bps": 0.06988476395804814,
        "sortino_ratio_2014_2015_1_0_bps": 0.09640295540405039,
        "max_drawdown_2014_2015_1_0_bps": 0.07953876443555713,
        "calmar_ratio_2014_2015_1_0_bps": 0.03319101297465017,
        "perc_pos_return_2014_2015_1_0_bps": 0.5542635658914729,
        "profit_loss_ratio_2014_2015_1_0_bps": 0.8150110019589412,
        "sharpe_ratio_2014_1_0_bps": 0.070998150642908,
        "annual_return_2014_2015_1_5_bps": 0.0009377375468100357,
        "annual_volatility_2014_2015_1_5_bps": 0.09058935759986794,
        "sharpe_ratio_2014_2015_1_5_bps": 0.0556135795027604,
        "downside_risk_2014_2015_1_5_bps": 0.0699327586780887,
        "sortino_ratio_2014_2015_1_5_bps": 0.07204060780978101,
        "max_drawdown_2014_2015_1_5_bps": 0.08015826920121762,
        "calmar_ratio_2014_2015_1_5_bps": 0.011698575283057526,
        "perc_pos_return_2014_2015_1_5_bps": 0.5503875968992248,
        "profit_loss_ratio_2014_2015_1_5_bps": 0.8251040736533054,
        "sharpe_ratio_2014_1_5_bps": 0.05200348283662455,
        "annual_return_2014_2015_2_0_bps": -0.0007616247166192247,
        "annual_volatility_2014_2015_2_0_bps": 0.09059035765733951,
        "sharpe_ratio_2014_2015_2_0_bps": 0.03685711354985074,
        "downside_risk_2014_2015_2_0_bps": 0.06998083818888048,
        "sortino_ratio_2014_2015_2_0_bps": 0.04771161913903286,
        "max_drawdown_2014_2015_2_0_bps": 0.08077736455676429,
        "calmar_ratio_2014_2015_2_0_bps": -0.009428689841496522,
        "perc_pos_return_2014_2015_2_0_bps": 0.5503875968992248,
        "profit_loss_ratio_2014_2015_2_0_bps": 0.8223292575840372,
        "sharpe_ratio_2014_2_0_bps": 0.03300915946301907,
        "annual_return_2014_2015_2_5_bps": -0.0024581194451059885,
        "annual_volatility_2014_2015_2_5_bps": 0.09059142617454877,
        "sharpe_ratio_2014_2015_2_5_bps": 0.01810104803132886,
        "downside_risk_2014_2015_2_5_bps": 0.07002900232605341,