{
    "ALL": {
        "annual_return": 0.0935328325562855,
        "annual_volatility": 0.08691091487373001,
        "sharpe_ratio": 1.0764119864452555,
        "downside_risk": 0.06243533359935351,
        "sortino_ratio": 1.614667478185406,
        "max_drawdown": 0.06316794234105551,
        "calmar_ratio": 1.9227352205713184,
        "perc_pos_return": 0.5755813953488366,
        "profit_loss_ratio": 0.88155639258206,
        "annual_return_0_5_bps": 0.091722136135024,
        "annual_volatility_0_5_bps": 0.086913213330432,
        "sharpe_ratio_0_5_bps": 1.05724252562764,
        "downside_risk_0_5_bps": 0.062483434695210505,
        "sortino_ratio_0_5_bps": 1.586387488650362,
        "max_drawdown_0_5_bps": 0.0635308577127045,
        "calmar_ratio_0_5_bps": 1.8876090799396195,
        "perc_pos_return_0_5_bps": 0.5736434108527126,
        "profit_loss_ratio_0_5_bps": 0.8850855901056831,
        "annual_return_1_0_bps": 0.0899144206869745,
        "annual_volatility_1_0_bps": 0.08691558558621201,
        "sharpe_ratio_1_0_bps": 1.038073144205609,
        "downside_risk_1_0_bps": 0.062531619120005,
        "sortino_ratio_1_0_bps": 1.5581500767686576,
        "max_drawdown_1_0_bps": 0.063893562609313,
        "calmar_ratio_1_0_bps": 1.8528119741124367,
        "perc_pos_return_1_0_bps": 0.5736434108527126,
        "profit_loss_ratio_1_0_bps": 0.8822316339692391,
        "annual_return_1_5_bps": 0.08810968133270451,
        "annual_volatility_1_5_bps": 0.08691803163455651,
        "sharpe_ratio_1_5_bps": 1.0189038915008135,
        "downside_risk_1_5_bps": 0.0625798869738505,
        "sortino_ratio_1_5_bps": 1.5299552615735745,
        "max_drawdown_1_5_bps": 0.0642560571643945,
        "calmar_ratio_1_5_bps": 1.81833829090642,
        "perc_pos_return_1_5_bps": 0.5717054263565886,
        "profit_loss_ratio_1_5_bps": 0.8858028903412171,
        "annual_return_2_0_bps": 0.08630791320071901,
        "annual_volatility_2_0_bps": 0.08692055146876351,
        "sharpe_ratio_2_0_bps": 0.9997348168248761,
        "downside_risk_2_0_bps": 0.0626282381611455,
        "sortino_ratio_2_0_bps": 1.501803061849063,
        "max_drawdown_2_0_bps": 0.064618341511383,
        "calmar_ratio_2_0_bps": 1.7841825752835139,
        "perc_pos_return_2_0_bps": 0.5717054263565886,
        "profit_loss_ratio_2_0_bps": 0.882944594823575,
        "annual_return_2_5_bps": 0.08450911142745501,
        "annual_volatility_2_5_bps": 0.086923145081942,
        "sharpe_ratio_2_5_bps": 0.9805659694787481,
        "downside_risk_2_5_bps": 0.0626766724917655,
        "sortino_ratio_2_5_bps": 1.4736934957577081,
        "max_drawdown_2_5_bps": 0.06498041578362251,
        "calmar_ratio_2_5_bps": 1.7503395233721886,
        "perc_pos_return_2_5_bps": 0.5717054263565886,
        "profit_loss_ratio_2_5_bps": 0.880094958425736,
        "annual_return_3_0_bps": 0.08271327115726401,
        "annual_volatility_3_0_bps": 0.086925812467011,
        "sharpe_ratio_3_0_bps": 0.9613973987520755,
        "downside_risk_3_0_bps": 0.0627251897707275,
        "sortino_ratio_3_0_bps": 1.445626580681725,
        "max_drawdown_3_0_bps": 0.06534228011437751,
        "calmar_ratio_3_0_bps": 1.7168039767671825,
        "perc_pos_return_3_0_bps": 0.5717054263565886,
        "profit_loss_ratio_3_0_bps": 0.8772539418437821,
        "annual_return_rescaled": 0.16602139729722953,
        "annual_volatility_rescaled": 0.1499999999999999,
        "downside_risk_rescaled": 0.10775746698224992,
        "max_drawdown_rescaled": 0.10771870447688958,
        "annual_return_rescaled_0_5_bps": 0.16269154170024924,
        "annual_volatility_rescaled_0_5_bps": 0.15000000000000055,
        "downside_risk_rescaled_0_5_bps": 0.10783763302650724,
        "max_drawdown_rescaled_0_5_bps": 0.10830753483412875,
        "annual_return_rescaled_1_0_bps": 0.1593711716604002,
        "annual_volatility_rescaled_1_0_bps": 0.15000000000000024,
        "downside_risk_rescaled_1_0_bps": 0.10791784700911808,
        "max_drawdown_rescaled_1_0_bps": 0.10889565818475691,
        "annual_return_rescaled_1_5_bps": 0.15606026863210376,
        "annual_volatility_rescaled_1_5_bps": 0.15000000000000036,
        "downside_risk_rescaled_1_5_bps": 0.10799810890270554,
        "max_drawdown_rescaled_1_5_bps": 0.1094830739919711,
        "annual_return_rescaled_2_0_bps": 0.15275881404890584,
        "annual_volatility_rescaled_2_0_bps": 0.15000000000000052,
        "downside_risk_rescaled_2_0_bps": 0.10807841834215481,
        "max_drawdown_rescaled_2_0_bps": 0.11006978172468079,
        "annual_return_rescaled_2_5_bps": 0.14946678932388663,
        "annual_volatility_rescaled_2_5_bps": 0.1500000000000002,
        "downside_risk_rescaled_2_5_bps": 0.10815877479930258,
        "max_drawdown_rescaled_2_5_bps": 0.11065578085750291,
        "annual_return_rescaled_3_0_bps": 0.14618417585002186,
        "annual_volatility_rescaled_3_0_bps": 0.15000000000000013,
        "downside_risk_rescaled_3_0_bps": 0.10823917773768088,
        "max_drawdown_rescaled_3_0_bps": 0.1112410708707595,
        "sharpe_ratio_years": 1.074338501033371,
        "sharpe_ratio_years_0_5_bps": 1.055205339254094,
        "sharpe_ratio_years_1_0_bps": 1.0360718569999419,
        "sharpe_ratio_years_1_5_bps": 1.016938103350188,
        "sharpe_ratio_years_2_0_bps": 0.9978041273808635,
        "sharpe_ratio_years_2_5_bps": 0.9786699781641169,
        "sharpe_ratio_years_3_0_bps": 0.9595357047675805,
        "sharpe_ratio_years_std": 0.965350150438373,
        "sharpe_ratio_years_std_0_5_bps": 0.965212218610756,
        "sharpe_ratio_years_std_1_0_bps": 0.9650737063570339,
        "sharpe_ratio_years_std_1_5_bps": 0.964934620513564,
        "sharpe_ratio_years_std_2_0_bps": 0.9647949679178446,
        "sharpe_ratio_years_std_2_5_bps": 0.9646547554083449,
        "sharpe_ratio_years_std_3_0_bps": 0.9645139898243396
    },
    "COMB": {
        "annual_return": 0.0935328325562855,
        "annual_volatility": 0.08691091487373001,
        "sharpe_ratio": 1.0764119864452555,
        "downside_risk": 0.06243533359935351,
        "sortino_ratio": 1.614667478185406,
        "max_drawdown": 0.06316794234105551,
        "calmar_ratio": 1.9227352205713184,
        "perc_pos_return": 0.5755813953488366,
        "profit_loss_ratio": 0.88155639258206,
        "annual_return_0_5_bps": 0.091722136135024,
        "annual_volatility_0_5_bps": 0.086913213330432,
        "sharpe_ratio_0_5_bps": 1.05724252562764,
        "downside_risk_0_5_bps": 0.062483434695210505,
        "sortino_ratio_0_5_bps": 1.586387488650362,
        "max_drawdown_0_5_bps": 0.0635308577127045,
        "calmar_ratio_0_5_bps": 1.8876090799396195,
        "perc_pos_return_0_5_bps": 0.5736434108527126,
        "profit_loss_ratio_0_5_bps": 0.8850855901056831,
        "annual_return_1_0_bps": 0.0899144206869745,
        "annual_volatility_1_0_bps": 0.08691558558621201,
        "sharpe_ratio_1_0_bps": 1.038073144205609,
        "downside_risk_1_0_bps": 0.062531619120005,
        "sortino_ratio_1_0_bps": 1.5581500767686576,
        "max_drawdown_1_0_bps": 0.063893562609313,
        "calmar_ratio_1_0_bps": 1.8528119741124367,
        "perc_pos_return_1_0_bps": 0.5736434108527126,
        "profit_loss_ratio_1_0_bps": 0.8822316339692391,
        "annual_return_1_5_bps": 0.08810968133270451,
        "annual_volatility_1_5_bps": 0.08691803163455651,
        "sharpe_ratio_1_5_bps": 1.0189038915008135,
        "downside_risk_1_5_bps": 0.0625798869738505,
        "sortino_ratio_1_5_bps": 1.5299552615735745,
        "max_drawdown_1_5_bps": 0.0642560571643945,
        "calmar_ratio_1_5_bps": 1.81833829090642,
        "perc_pos_return_1_5_bps": 0.5717054263565886,
        "profit_loss_ratio_1_5_bps": 0.8858028903412171,
        "annual_return_2_0_bps": 0.08630791320071901,
        "annual_volatility_2_0_bps": 0.08692055146876351,
        "sharpe_ratio_2_0_bps": 0.9997348168248761,
        "downside_risk_2_0_bps": 0.0626282381611455,